"Set","ID","Nombre","Rareza","Cantidad","Registrada"
"A1","1","Bulbasaur","♦","1","sí"
"A1","16","Venonat","♦","2","sí"
"A1","17","Venomoth","♦♦","1","sí"
"A1","18","Bellsprout","♦","1","sí"
"A1","19","Weepinbell","♦♦","2","sí"
"A1","22","Exeggutor","♦♦♦","1","sí"
"A1","23","Exeggutor ex","♦♦♦♦","1","sí"
"A1","24","Tangela","♦","2","sí"
"A1","26","Pinsir","♦♦","2","sí"
"A1","27","Cottonee","♦","1","sí"
"A1","28","Whimsicott","♦♦","1","sí"
"A1","29","Petilil","♦","1","sí"
"A1","30","Lilligant","♦♦","1","sí"
"A1","33","Charmander","♦","1","sí"
"A1","37","Vulpix","♦","1","sí"
"A1","38","Ninetales","♦♦","2","sí"
"A1","42","Ponyta","♦","1","sí"
"A1","43","Rapidash","♦♦","1","sí"
"A1","44","Magmar","♦","1","sí"
"A1","49","Salandit","♦","1","sí"
"A1","52","Centiskorch","♦♦","3","sí"
"A1","54","Wartortle","♦♦","1","sí"
"A1","57","Psyduck","♦","2","sí"
"A1","59","Poliwag","♦","1","sí"
"A1","66","Shellder","♦","1","sí"
"A1","68","Krabby","♦","1","sí"
"A1","72","Goldeen","♦","1","sí"
"A1","74","Staryu","♦","1","sí"
"A1","76","Starmie ex","♦♦♦♦","1","sí"
"A1","85","Ducklett","♦","1","sí"
"A1","91","Bruxish","♦♦","1","sí"
"A1","92","Snom","♦","1","sí"
"A1","93","Frosmoth","♦♦","2","sí"
"A1","105","Blitzle","♦","1","sí"
"A1","106","Zebstrika","♦♦","2","sí"
"A1","107","Tynamo","♦","1","sí"
"A1","108","Eelektrik","♦♦","1","sí"
"A1","110","Helioptile","♦","1","sí"
"A1","111","Heliolisk","♦","1","sí"
"A1","115","Abra","♦","1","sí"
"A1","116","Kadabra","♦♦","1","sí"
"A1","118","Slowpoke","♦","1","sí"
"A1","119","Slowbro","♦♦","1","sí"
"A1","121","Haunter","♦♦","1","sí"
"A1","133","Woobat","♦","2","sí"
"A1","135","Golett","♦","3","sí"
"A1","136","Golurk","♦♦","2","sí"
"A1","137","Sandshrew","♦","2","sí"
"A1","138","Sandslash","♦♦","2","sí"
"A1","139","Diglett","♦","1","sí"
"A1","140","Dugtrio","♦♦","3","sí"
"A1","141","Mankey","♦","2","sí"
"A1","144","Machoke","♦♦","1","sí"
"A1","145","Machamp","♦♦♦","1","sí"
"A1","150","Onix","♦♦","1","sí"
"A1","151","Cubone","♦","2","sí"
"A1","153","Marowak ex","♦♦♦♦","1","sí"
"A1","154","Hitmonlee","♦","1","sí"
"A1","155","Hitmonchan","♦","1","sí"
"A1","156","Rhyhorn","♦","2","sí"
"A1","160","Mienfoo","♦","3","sí"
"A1","161","Mienshao","♦♦","1","sí"
"A1","164","Ekans","♦","1","sí"
"A1","175","Muk","♦♦♦","1","sí"
"A1","179","Pawniard","♦","2","sí"
"A1","181","Meltan","♦","2","sí"
"A1","183","Dratini","♦","2","sí"
"A1","184","Dragonair","♦♦","1","sí"
"A1","186","Pidgey","♦","1","sí"
"A1","189","Rattata","♦","2","sí"
"A1","190","Raticate","♦","3","sí"
"A1","191","Spearow","♦","1","sí"
"A1","192","Fearow","♦","1","sí"
"A1","193","Jigglypuff","♦","2","sí"
"A1","194","Wigglytuff","♦","1","sí"
"A1","196","Meowth","♦","1","sí"
"A1","198","Farfetch’d","♦","1","sí"
"A1","199","Doduo","♦","2","sí"
"A1","200","Dodrio","♦♦","1","sí"
"A1","203","Kangaskhan","♦♦♦","2","sí"
"A1","204","Tauros","♦♦","1","sí"
"A1","206","Eevee","♦","2","sí"
"A1","207","Eevee","♦","2","sí"
"A1","210","Aerodactyl","♦♦♦","1","sí"
"A1","212","Minccino","♦","2","sí"
"A1","213","Cinccino","♦♦","1","sí"
"A1","214","Wooloo","♦","2","sí"
"A1","217","Dome Fossil","♦","1","sí"
"A1","221","Blaine","♦♦","1","sí"
"A1","225","Sabrina","♦♦","2","sí"
"A1","227","Bulbasaur","★","1","sí"
"A1","239","Cubone","★","1","sí"
"A1","280","Charizard ex","★★★","1","sí"
"A1A","5","Servine","♦♦","1","sí"
"A1A","13","Larvesta","♦","1","sí"
"A1A","25","Pikachu","♦","1","sí"
"A1A","34","Elgyem","♦","1","sí"
"A1A","45","Golem","♦♦♦","1","sí"
"A1A","51","Purrloin","♦","1","sí"
"A1A","57","Pidgey","♦","1","sí"
"A1A","65","Mythical Slab","♦♦","1","sí"
"A1A","68","Leaf","♦♦","1","sí"
"A1A","70","Serperior","★","1","sí"
"A2","2","Gloom","♦","1","sí"
"A2","3","Bellossom","♦♦","2","sí"
"A2","6","Yanma","♦","2","sí"
"A2","11","Grotle","♦♦","1","sí"
"A2","17","Combee","♦","1","sí"
"A2","25","Slugma","♦","1","sí"
"A2","31","Swinub","♦","1","sí"
"A2","38","Buizel","♦","2","sí"
"A2","39","Floatzel","♦♦","1","sí"
"A2","43","Lumineon","♦♦","1","sí"
"A2","47","Wash Rotom","♦","3","sí"
"A2","50","Manaphy","♦♦","1","sí"
"A2","56","Electabuzz","♦","1","sí"
"A2","58","Shinx","♦","2","sí"
"A2","59","Luxio","♦♦","1","sí"
"A2","62","Rotom","♦","3","sí"
"A2","65","Togekiss","♦♦♦","1","sí"
"A2","66","Misdreavus","♦","1","sí"
"A2","68","Ralts","♦","1","sí"
"A2","70","Duskull","♦","1","sí"
"A2","71","Dusclops","♦♦","1","sí"
"A2","74","Drifblim","♦♦","1","sí"
"A2","79","Cresselia","♦♦♦","1","sí"
"A2","86","Nosepass","♦","1","sí"
"A2","90","Wormadam","♦","1","sí"
"A2","96","Murkrow","♦","2","sí"
"A2","98","Sneasel","♦","1","sí"
"A2","100","Poochyena","♦","1","sí"
"A2","108","Toxicroak","♦♦","1","sí"
"A2","110","Darkrai ex","♦♦♦♦","1","sí"
"A2","112","Registeel","♦♦","1","sí"
"A2","115","Wormadam","♦","1","sí"
"A2","121","Gible","♦","1","sí"
"A2","126","Eevee","♦","2","sí"
"A2","127","Porygon","♦","1","sí"
"A2","134","Staraptor","♦♦","1","sí"
"A2","135","Bidoof","♦","1","sí"
"A2","145","Armor Fossil","♦","1","sí"
"A2","147","Giant Cape","♦♦","1","sí"
"A2","148","Rocky Helmet","♦♦","1","sí"
"A2","150","Cyrus","♦♦","1","sí"
"A2","153","Volkner","♦♦","1","sí"
"A2","159","Shaymin","★","1","sí"
"A2A","3","Mothim","♦♦","1","sí"
"A2A","5","Vespiquen","♦♦","1","sí"
"A2A","6","Cherubi","♦","1","sí"
"A2A","7","Cherrim","♦♦","2","sí"
"A2A","8","Cherrim","♦♦","1","sí"
"A2A","11","Houndour","♦","2","sí"
"A2A","12","Houndoom","♦♦","1","sí"
"A2A","14","Marill","♦","1","sí"
"A2A","15","Azumarill","♦","2","sí"
"A2A","17","Whiscash","♦♦","1","sí"
"A2A","18","Snorunt","♦","1","sí"
"A2A","19","Froslass","♦♦","1","sí"
"A2A","22","Glaceon ex","♦♦♦♦","1","sí"
"A2A","23","Origin Forme Palkia","♦♦♦","1","sí"
"A2A","25","Pikachu","♦","1","sí"
"A2A","26","Raichu","♦♦♦","1","sí"
"A2A","27","Electrike","♦","1","sí"
"A2A","28","Manectric","♦♦","1","sí"
"A2A","29","Clefairy","♦","1","sí"
"A2A","31","Gastly","♦","1","sí"
"A2A","32","Haunter","♦","1","sí"
"A2A","36","Sudowoodo","♦♦","2","sí"
"A2A","37","Phanpy","♦","1","sí"
"A2A","38","Donphan","♦♦","1","sí"
"A2A","40","Pupitar","♦♦","1","sí"
"A2A","42","Nosepass","♦","2","sí"
"A2A","43","Meditite","♦","3","sí"
"A2A","45","Gible","♦","2","sí"
"A2A","46","Gabite","♦","1","sí"
"A2A","49","Golbat","♦","1","sí"
"A2A","51","Croagunk","♦","2","sí"
"A2A","53","Magnemite","♦","3","sí"
"A2A","54","Magneton","♦","2","sí"
"A2A","57","Probopass ex","♦♦♦♦","1","sí"
"A2A","62","Eevee","♦","1","sí"
"A2A","66","Starly","♦","1","sí"
"A2A","70","Arceus","♦♦♦","1","sí"
"A2A","73","Celestic Town Elder","♦♦","1","sí"
"A2B","1","Weedle","♦","1","sí"
"A2B","2","Kakuna","♦♦","2","sí"
"A2B","4","Pinsir","♦","3","sí"
"A2B","5","Sprigatito","♦","2","sí"
"A2B","6","Floragato","♦♦","2","sí"
"A2B","15","Tentacruel","♦♦","1","sí"
"A2B","16","Buizel","♦","1","sí"
"A2B","17","Floatzel","♦♦","1","sí"
"A2B","18","Wiglett","♦","1","sí"
"A2B","24","Electrode","♦♦","1","sí"
"A2B","25","Pachirisu","♦♦","1","sí"
"A2B","26","Pawmi","♦","1","sí"
"A2B","29","Abra","♦","1","sí"
"A2B","30","Kadabra","♦♦","1","sí"
"A2B","34","Drifblim","♦♦","1","sí"
"A2B","36","Gimmighoul","♦","1","sí"
"A2B","38","Machoke","♦","1","sí"
"A2B","40","Hitmonlee","♦","1","sí"
"A2B","44","Flamigo","♦♦","3","sí"
"A2B","45","Ekans","♦","2","sí"
"A2B","47","Paldean Wooper","♦","1","sí"
"A2B","50","Shroodle","♦","3","sí"
"A2B","55","Varoom","♦","1","sí"
"A2B","56","Revavroom","♦♦","2","sí"
"A2B","57","Gholdengo","♦♦♦","1","sí"
"A2B","59","Raticate","♦","2","sí"
"A2B","60","Jigglypuff","♦","2","sí"
"A2B","61","Wigglytuff","♦♦♦","2","sí"
"A2B","63","Lickilicky","♦","1","sí"
"A2B","64","Bidoof","♦","1","sí"
"A2B","66","Buneary","♦","4","sí"
"A2B","67","Lopunny","♦","2","sí"
"A2B","69","Iono","♦♦","1","sí"
"A2B","71","Red","♦♦","1","sí"
"A2B","72","Team Rocket Grunt","♦♦","1","sí"
"A3","1","Exeggcute","♦","2","sí"
"A3","3","Surskit","♦","4","sí"
"A3","4","Masquerain","♦♦","1","sí"
"A3","5","Maractus","♦","3","sí"
"A3","6","Karrablast","♦","1","sí"
"A3","7","Phantump","♦","1","sí"
"A3","8","Trevenant","♦♦","2","sí"
"A3","9","Rowlet","♦","3","sí"
"A3","10","Rowlet","♦","3","sí"
"A3","11","Dartrix","♦♦","1","sí"
"A3","13","Grubbin","♦","1","sí"
"A3","14","Fomantis","♦","3","sí"
"A3","15","Lurantis","♦♦","3","sí"
"A3","16","Morelull","♦","3","sí"
"A3","17","Shiinotic","♦♦","1","sí"
"A3","18","Bounsweet","♦","2","sí"
"A3","19","Steenee","♦♦","3","sí"
"A3","21","Wimpod","♦","4","sí"
"A3","24","Tapu Bulu","♦♦♦","1","sí"
"A3","25","Growlithe","♦","4","sí"
"A3","26","Arcanine","♦♦","3","sí"
"A3","30","Litten","♦","1","sí"
"A3","31","Litten","♦","2","sí"
"A3","35","Salandit","♦","4","sí"
"A3","36","Salazzle","♦","1","sí"
"A3","37","Turtonator","♦♦♦","1","sí"
"A3","38","Alolan Sandshrew","♦","2","sí"
"A3","39","Alolan Sandslash","♦♦","1","sí"
"A3","40","Alolan Vulpix","♦","3","sí"
"A3","42","Shellder","♦","1","sí"
"A3","43","Cloyster","♦♦","1","sí"
"A3","44","Lapras","♦♦","4","sí"
"A3","45","Popplio","♦","4","sí"
"A3","46","Popplio","♦","4","sí"
"A3","49","Crabominable ex","♦♦♦♦","1","sí"
"A3","50","Wishiwashi","♦","2","sí"
"A3","52","Dewpider","♦","3","sí"
"A3","54","Pyukumuku","♦","3","sí"
"A3","55","Bruxish","♦","3","sí"
"A3","57","Pikachu","♦","1","sí"
"A3","58","Alolan Raichu ex","♦♦♦♦","1","sí"
"A3","61","Alolan Golem","♦♦♦","1","sí"
"A3","62","Helioptile","♦","2","sí"
"A3","63","Heliolisk","♦","1","sí"
"A3","64","Charjabug","♦♦","1","sí"
"A3","65","Vikavolt","♦♦♦","1","sí"
"A3","67","Togedemaru","♦","2","sí"
"A3","70","Sableye","♦♦","2","sí"
"A3","71","Spoink","♦","2","sí"
"A3","72","Grumpig","♦♦","3","sí"
"A3","73","Lunatone","♦","2","sí"
"A3","74","Shuppet","♦","3","sí"
"A3","75","Banette","♦","2","sí"
"A3","76","Oricorio","♦♦","1","sí"
"A3","77","Oricorio","♦♦","3","sí"
"A3","78","Cutiefly","♦","2","sí"
"A3","79","Ribombee","♦","1","sí"
"A3","81","Sandygast","♦","2","sí"
"A3","82","Palossand","♦♦♦","1","sí"
"A3","83","Mimikyu","♦","4","sí"
"A3","84","Tapu Lele","♦♦♦","2","sí"
"A3","86","Cosmoem","♦♦","1","sí"
"A3","89","Cubone","♦","1","sí"
"A3","90","Makuhita","♦","3","sí"
"A3","91","Hariyama","♦♦","2","sí"
"A3","92","Solrock","♦","2","sí"
"A3","93","Drilbur","♦","4","sí"
"A3","94","Timburr","♦","2","sí"
"A3","95","Gurdurr","♦♦","2","sí"
"A3","96","Conkeldurr","♦♦♦","1","sí"
"A3","97","Crabrawler","♦","1","sí"
"A3","98","Rockruff","♦","3","sí"
"A3","99","Rockruff","♦","2","sí"
"A3","100","Lycanroc","♦♦♦","1","sí"
"A3","102","Mudbray","♦","1","sí"
"A3","103","Mudsdale","♦♦","2","sí"
"A3","105","Minior","♦♦","2","sí"
"A3","106","Alolan Rattata","♦","2","sí"
"A3","107","Alolan Raticate","♦♦","1","sí"
"A3","110","Alolan Grimer","♦","2","sí"
"A3","111","Alolan Muk ex","♦♦♦♦","1","sí"
"A3","112","Absol","♦♦♦","3","sí"
"A3","113","Trubbish","♦","4","sí"
"A3","114","Garbodor","♦♦","2","sí"
"A3","115","Mareanie","♦","1","sí"
"A3","116","Toxapex","♦","3","sí"
"A3","117","Alolan Diglett","♦","4","sí"
"A3","118","Alolan Dugtrio","♦","1","sí"
"A3","119","Excadrill","♦♦","2","sí"
"A3","120","Escavalier","♦♦","3","sí"
"A3","121","Klefki","♦♦♦","1","sí"
"A3","123","Magearna","♦♦♦","1","sí"
"A3","124","Drampa","♦♦♦","1","sí"
"A3","125","Jangmo-o","♦","1","sí"
"A3","128","Tauros","♦♦","2","sí"
"A3","129","Skitty","♦","3","sí"
"A3","130","Delcatty","♦♦","4","sí"
"A3","131","Fletchling","♦","3","sí"
"A3","132","Hawlucha","♦♦","1","sí"
"A3","133","Pikipek","♦","4","sí"
"A3","134","Trumbeak","♦","4","sí"
"A3","135","Toucannon","♦♦","2","sí"
"A3","136","Yungoos","♦","2","sí"
"A3","137","Gumshoos","♦","2","sí"
"A3","138","Stufful","♦","2","sí"
"A3","139","Bewear","♦♦♦","1","sí"
"A3","141","Komala","♦♦","2","sí"
"A3","142","Big Malasada","♦♦","1","sí"
"A3","143","Fishing Net","♦♦","1","sí"
"A3","144","Rare Candy","♦♦","3","sí"
"A3","145","Rotom Dex","♦♦","2","sí"
"A3","146","Poison Barb","♦♦","1","sí"
"A3","147","Leaf Cape","♦♦","1","sí"
"A3","149","Ilima","♦♦","3","sí"
"A3","150","Kiawe","♦♦","3","sí"
"A3","151","Guzma","♦♦","2","sí"
"A3","152","Lana","♦♦","1","sí"
"A3","153","Sophocles","♦♦","3","sí"
"A3","154","Mallow","♦♦","1","sí"
"A3","155","Lillie","♦♦","1","sí"
"A3","163","Pyukumuku","★","1","sí"
"A3","165","Oricorio","★","1","sí"
"A3","168","Comfey","★","1","sí"
"A3","172","Rockruff","★","1","sí"
"A3","178","Bewear","★","1","sí"
"A3","181","Dhelmise ex","★★","1","sí"
"A3","183","Crabominable ex","★★","1","sí"
"A3","185","Alolan Raichu ex","★★","1","sí"
"A3","190","Acerola","★★","1","sí"
"A3","192","Kiawe","★★","1","sí"
"A3","199","Dhelmise ex","★★","1","sí"
"A3","210","Bulbasaur","✷","1","sí"
"A3","215","Squirtle","✷","1","sí"
"A3","225","Machamp","✷","1","sí"
"A3","229","Wigglytuff","✷","1","sí"
"A3","234","Gengar ex","✷✷","1","sí"
"A3A","1","Petilil","♦","1","sí"
"A3A","2","Lilligant","♦","1","sí"
"A3A","5","Decidueye","♦♦♦","1","sí"
"A3A","7","Pheromosa","♦♦","1","sí"
"A3A","8","Kartana","♦","1","sí"
"A3A","9","Blacephalon","♦♦","2","sí"
"A3A","11","Carvanha","♦","1","sí"
"A3A","12","Sharpedo","♦♦","1","sí"
"A3A","13","Shinx","♦","3","sí"
"A3A","14","Luxio","♦","1","sí"
"A3A","16","Blitzle","♦","4","sí"
"A3A","17","Zebstrika","♦","4","sí"
"A3A","18","Emolga","♦","1","sí"
"A3A","20","Xurkitree","♦♦","1","sí"
"A3A","21","Zeraora","♦♦♦","1","sí"
"A3A","22","Clefairy","♦","1","sí"
"A3A","24","Phantump","♦","2","sí"
"A3A","26","Morelull","♦","2","sí"
"A3A","27","Shiinotic","♦♦♦","1","sí"
"A3A","28","Meditite","♦","2","sí"
"A3A","30","Baltoy","♦","3","sí"
"A3A","31","Claydol","♦♦","1","sí"
"A3A","34","Passimian","♦","1","sí"
"A3A","35","Sandygast","♦","2","sí"
"A3A","37","Alolan Meowth","♦","1","sí"
"A3A","38","Alolan Persian","♦♦","2","sí"
"A3A","39","Sandile","♦","1","sí"
"A3A","40","Krokorok","♦","3","sí"
"A3A","41","Krookodile","♦♦","1","sí"
"A3A","44","Poipole","♦","1","sí"
"A3A","45","Naganadel","♦♦♦","2","sí"
"A3A","46","Alolan Diglett","♦","1","sí"
"A3A","48","Aron","♦","3","sí"
"A3A","49","Lairon","♦","3","sí"
"A3A","50","Aggron","♦♦","2","sí"
"A3A","51","Ferroseed","♦","2","sí"
"A3A","53","Stakataka","♦♦","1","sí"
"A3A","54","Lillipup","♦","1","sí"
"A3A","56","Stoutland","♦♦","2","sí"
"A3A","57","Stufful","♦","1","sí"
"A3A","58","Bewear","♦♦","1","sí"
"A3A","59","Oranguru","♦","1","sí"
"A3A","61","Silvally","♦♦♦","2","sí"
"A3A","63","Beast Wall","♦♦","2","sí"
"A3A","65","Electrical Cord","♦♦","3","sí"
"A3A","67","Gladion","♦♦","1","sí"
"A3A","69","Lusamine","♦♦","2","sí"
"A3A","71","Pheromosa","★","1","sí"
"A3A","72","Blacephalon","★","1","sí"
"A3A","98","Aerodactyl","✷","1","sí"
"A3A","100","Arcanine ex","✷✷","1","sí"
"A3B","1","Tropius","♦♦","2","sí"
"A3B","2","Leafeon","♦♦♦","3","sí"
"A3B","3","Bounsweet","♦","3","sí"
"A3B","4","Steenee","♦","4","sí"
"A3B","5","Tsareena","♦♦","1","sí"
"A3B","6","Applin","♦","2","sí"
"A3B","7","Appletun","♦♦","2","sí"
"A3B","8","Flareon","♦♦♦","2","sí"
"A3B","9","Flareon ex","♦♦♦♦","2","sí"
"A3B","10","Torkoal","♦","3","sí"
"A3B","11","Litten","♦","4","sí"
"A3B","12","Torracat","♦","2","sí"
"A3B","13","Incineroar","♦♦","1","sí"
"A3B","14","Salandit","♦","1","sí"
"A3B","15","Salazzle","♦♦","4","sí"
"A3B","16","Vaporeon","♦♦♦","3","sí"
"A3B","17","Glaceon","♦♦♦","1","sí"
"A3B","18","Vanillite","♦","2","sí"
"A3B","19","Vanillish","♦","2","sí"
"A3B","20","Vanilluxe","♦♦","2","sí"
"A3B","21","Alomomola","♦","4","sí"
"A3B","22","Popplio","♦","3","sí"
"A3B","23","Brionne","♦","3","sí"
"A3B","24","Primarina ex","♦♦♦♦","1","sí"
"A3B","26","Joltik","♦","2","sí"
"A3B","27","Galvantula","♦♦","2","sí"
"A3B","28","Espeon","♦♦♦","2","sí"
"A3B","29","Woobat","♦","2","sí"
"A3B","30","Swoobat","♦♦","2","sí"
"A3B","31","Swirlix","♦","1","sí"
"A3B","32","Slurpuff","♦♦","2","sí"
"A3B","33","Sylveon","♦♦♦","1","sí"
"A3B","34","Sylveon ex","♦♦♦♦","1","sí"
"A3B","35","Mimikyu","♦♦","4","sí"
"A3B","36","Milcery","♦","4","sí"
"A3B","37","Alcremie","♦♦","3","sí"
"A3B","38","Barboach","♦","1","sí"
"A3B","39","Whiscash","♦♦","2","sí"
"A3B","40","Mienfoo","♦","2","sí"
"A3B","41","Mienshao","♦♦","1","sí"
"A3B","42","Carbink","♦","2","sí"
"A3B","43","Umbreon","♦♦♦","3","sí"
"A3B","44","Sableye","♦","3","sí"
"A3B","45","Purrloin","♦","3","sí"
"A3B","46","Liepard","♦♦","2","sí"
"A3B","47","Mawile","♦","3","sí"
"A3B","48","Togedemaru","♦","2","sí"
"A3B","49","Meltan","♦","3","sí"
"A3B","50","Melmetal","♦♦","2","sí"
"A3B","51","Dratini","♦","3","sí"
"A3B","52","Dragonair","♦","4","sí"
"A3B","53","Dragonite ex","♦♦♦♦","1","sí"
"A3B","54","Drampa","♦♦","2","sí"
"A3B","55","Eevee","♦","4","sí"
"A3B","56","Eevee ex","♦♦♦♦","1","sí"
"A3B","57","Snorlax ex","♦♦♦♦","1","sí"
"A3B","58","Aipom","♦","2","sí"
"A3B","59","Ambipom","♦♦","3","sí"
"A3B","60","Chatot","♦","3","sí"
"A3B","61","Audino","♦","2","sí"
"A3B","62","Minccino","♦","2","sí"
"A3B","63","Cinccino","♦♦","1","sí"
"A3B","64","Skwovet","♦","2","sí"
"A3B","65","Greedent","♦♦","2","sí"
"A3B","66","Eevee Bag","♦♦","2","sí"
"A3B","67","Leftovers","♦♦","2","sí"
"A3B","68","Hau","♦♦","2","sí"
"A3B","69","Penny","♦♦","2","sí"
"A3B","70","Leafeon","★","1","sí"
"A3B","71","Flareon","★","2","sí"
"A3B","72","Vaporeon","★","1","sí"
"A3B","75","Espeon","★","2","sí"
"A3B","76","Sylveon","★","2","sí"
"A3B","80","Primarina ex","★★","1","sí"
"A3B","101","Arbok","✷","1","sí"
"A3B","104","Articuno ex","✷✷","1","sí"
"A4","1","Oddish","♦","4","sí"
"A4","2","Gloom","♦♦","1","sí"
"A4","3","Bellossom","♦♦♦","1","sí"
"A4","4","Tangela","♦","3","sí"
"A4","5","Tangrowth","♦♦♦","1","sí"
"A4","6","Scyther","♦","3","sí"
"A4","7","Pinsir","♦","5","sí"
"A4","9","Bayleef","♦♦","2","sí"
"A4","10","Meganium","♦♦♦","1","sí"
"A4","11","Ledyba","♦","3","sí"
"A4","12","Ledian","♦","2","sí"
"A4","13","Hoppip","♦","4","sí"
"A4","14","Skiploom","♦♦","3","sí"
"A4","16","Sunkern","♦","3","sí"
"A4","17","Sunflora","♦♦","4","sí"
"A4","18","Yanma","♦","2","sí"
"A4","19","Yanmega","♦♦","2","sí"
"A4","20","Pineco","♦","2","sí"
"A4","21","Shuckle ex","♦♦♦♦","1","sí"
"A4","22","Heracross","♦♦♦","1","sí"
"A4","23","Cherubi","♦","2","sí"
"A4","24","Cherrim","♦♦","4","sí"
"A4","25","Vulpix","♦","4","sí"
"A4","27","Cyndaquil","♦","2","sí"
"A4","28","Quilava","♦♦","1","sí"
"A4","30","Slugma","♦","2","sí"
"A4","31","Magcargo","♦♦","4","sí"
"A4","34","Ho-Oh ex","♦♦♦♦","1","sí"
"A4","35","Darumaka","♦","4","sí"
"A4","36","Darmanitan","♦♦","3","sí"
"A4","37","Heatmor","♦","3","sí"
"A4","38","Poliwag","♦","3","sí"
"A4","39","Poliwhirl","♦♦","3","sí"
"A4","41","Horsea","♦","3","sí"
"A4","42","Seadra","♦♦","4","sí"
"A4","43","Kingdra ex","♦♦♦♦","1","sí"
"A4","44","Magikarp","♦","2","sí"
"A4","46","Totodile","♦","2","sí"
"A4","47","Croconaw","♦♦","4","sí"
"A4","49","Marill","♦","4","sí"
"A4","50","Azumarill","♦♦","4","sí"
"A4","51","Wooper","♦","4","sí"
"A4","53","Qwilfish","♦♦","2","sí"
"A4","54","Corsola","♦","3","sí"
"A4","55","Remoraid","♦","4","sí"
"A4","57","Delibird","♦♦","2","sí"
"A4","58","Mantine","♦♦","1","sí"
"A4","60","Corphish","♦","1","sí"
"A4","62","Ducklett","♦","2","sí"
"A4","63","Swanna","♦♦","3","sí"
"A4","64","Chinchou","♦","4","sí"
"A4","66","Pichu","♦♦♦","1","sí"
"A4","67","Mareep","♦","2","sí"
"A4","68","Flaaffy","♦♦","3","sí"
"A4","69","Ampharos","♦♦♦","2","sí"
"A4","71","Raikou","♦♦♦","2","sí"
"A4","72","Emolga","♦","4","sí"
"A4","73","Slowpoke","♦","2","sí"
"A4","74","Slowking","♦♦","4","sí"
"A4","75","Smoochum","♦♦♦","1","sí"
"A4","76","Jynx","♦","2","sí"
"A4","77","Cleffa","♦♦♦","2","sí"
"A4","78","Togepi","♦","2","sí"
"A4","79","Togetic","♦♦","2","sí"
"A4","80","Togekiss","♦♦♦","1","sí"
"A4","81","Natu","♦","3","sí"
"A4","82","Xatu","♦♦♦","1","sí"
"A4","83","Espeon ex","♦♦♦♦","4","sí"
"A4","84","Unown","♦♦♦","1","sí"
"A4","86","Wobbuffet","♦","2","sí"
"A4","87","Girafarig","♦","3","sí"
"A4","88","Snubbull","♦","4","sí"
"A4","89","Granbull","♦♦","4","sí"
"A4","90","Munna","♦","4","sí"
"A4","91","Musharna","♦♦","4","sí"
"A4","92","Onix","♦","4","sí"
"A4","93","Sudowoodo","♦","2","sí"
"A4","94","Gligar","♦","2","sí"
"A4","95","Gliscor","♦♦","1","sí"
"A4","96","Swinub","♦","4","sí"
"A4","97","Piloswine","♦♦","3","sí"
"A4","99","Phanpy","♦","3","sí"
"A4","101","Tyrogue","♦♦♦","3","sí"
"A4","102","Hitmontop","♦","3","sí"
"A4","103","Larvitar","♦","3","sí"
"A4","104","Pupitar","♦♦","2","sí"
"A4","105","Binacle","♦","2","sí"
"A4","106","Barbaracle","♦♦","3","sí"
"A4","107","Zubat","♦","4","sí"
"A4","108","Golbat","♦♦","1","sí"
"A4","110","Spinarak","♦","2","sí"
"A4","111","Ariados","♦♦","3","sí"
"A4","112","Umbreon ex","♦♦♦♦","1","sí"
"A4","113","Murkrow","♦","2","sí"
"A4","114","Honchkrow","♦♦","1","sí"
"A4","115","Sneasel","♦","4","sí"
"A4","116","Weavile","♦♦","3","sí"
"A4","117","Houndour","♦","2","sí"
"A4","118","Houndoom","♦♦","4","sí"
"A4","119","Tyranitar","♦♦♦","1","sí"
"A4","120","Absol","♦♦","4","sí"
"A4","121","Forretress","♦♦","6","sí"
"A4","122","Steelix","♦♦♦","2","sí"
"A4","123","Scizor","♦♦♦","1","sí"
"A4","124","Skarmory ex","♦♦♦♦","2","sí"
"A4","125","Mawile","♦","4","sí"
"A4","126","Klink","♦","4","sí"
"A4","127","Klang","♦♦","2","sí"
"A4","129","Spearow","♦","2","sí"
"A4","130","Fearow","♦","2","sí"
"A4","131","Chansey","♦","4","sí"
"A4","132","Blissey","♦♦♦","2","sí"
"A4","133","Kangaskhan","♦♦♦","3","sí"
"A4","134","Eevee","♦","5","sí"
"A4","135","Porygon","♦","3","sí"
"A4","136","Porygon2","♦♦","2","sí"
"A4","137","Porygon-Z","♦♦♦","1","sí"
"A4","138","Sentret","♦","3","sí"
"A4","139","Furret","♦","4","sí"
"A4","140","Hoothoot","♦","4","sí"
"A4","141","Noctowl","♦","4","sí"
"A4","142","Aipom","♦","4","sí"
"A4","143","Ambipom","♦","2","sí"
"A4","144","Dunsparce","♦","3","sí"
"A4","145","Teddiursa","♦","2","sí"
"A4","146","Ursaring","♦♦","2","sí"
"A4","147","Stantler","♦♦","5","sí"
"A4","148","Smeargle","♦♦","3","sí"
"A4","149","Lugia ex","♦♦♦♦","1","sí"
"A4","150","Bouffalant","♦♦","4","sí"
"A4","151","Elemental Switch","♦♦","1","sí"
"A4","152","Squirt Bottle","♦♦","4","sí"
"A4","153","Steel Apron","♦♦","5","sí"
"A4","154","Dark Pendant","♦♦","1","sí"
"A4","155","Rescue Scarf","♦♦","3","sí"
"A4","156","Will","♦♦","3","sí"
"A4","157","Lyra","♦♦","1","sí"
"A4","158","Silver","♦♦","2","sí"
"A4","159","Fisher","♦♦","3","sí"
"A4","160","Jasmine","♦♦","4","sí"
"A4","161","Hiker","♦♦","3","sí"
"A4","169","Octillery","★","1","sí"
"A4","170","Delibird","★","1","sí"
"A4","171","Pichu","★","1","sí"
"A4","172","Ampharos","★","1","sí"
"A4","174","Xatu","★","1","sí"
"A4","177","Spinarak","★","1","sí"
"A4","178","Murkrow","★","1","sí"
"A4","182","Hoothoot","★","1","sí"
"A4","183","Stantler","★","1","sí"
"A4","185","Blissey","★","2","sí"
"A4","196","Will","★★","1","sí"
"A4","210","Ho-Oh ex","★★★","1","sí"
"A4","215","Gyarados","✷","1","sí"
"A4","220","Misdreavus","✷","1","sí"
"A4","226","Nidoran♂","✷","1","sí"
"A4","232","Yanmega ex","✷✷","1","sí"
"A4","241","Lugia ex","♛","1","sí"
"A4A","1","Hoppip","♦","2","sí"
"A4A","2","Skiploom","♦♦","1","sí"
"A4A","4","Sunkern","♦","1","sí"
"A4A","5","Sunflora","♦♦","1","sí"
"A4A","7","Durant","♦","1","sí"
"A4A","8","Slugma","♦","5","sí"
"A4A","9","Magcargo","♦♦","1","sí"
"A4A","13","Poliwag","♦","1","sí"
"A4A","16","Tentacruel","♦♦","1","sí"
"A4A","17","Slowpoke","♦","4","sí"
"A4A","18","Slowking","♦♦","1","sí"
"A4A","19","Jynx","♦","3","sí"
"A4A","20","Suicune ex","♦♦♦♦","1","sí"
"A4A","21","Feebas","♦","5","sí"
"A4A","27","Eelektrik","♦","4","sí"
"A4A","30","Yamper","♦","2","sí"
"A4A","32","Misdreavus","♦","1","sí"
"A4A","33","Mismagius","♦♦","1","sí"
"A4A","34","Galarian Corsola","♦","1","sí"
"A4A","38","Frillish","♦","1","sí"
"A4A","39","Jellicent","♦♦","3","sí"
"A4A","40","Diglett","♦","2","sí"
"A4A","43","Phanpy","♦","1","sí"
"A4A","44","Donphan","♦♦","2","sí"
"A4A","45","Relicanth","♦","2","sí"
"A4A","46","Dwebble","♦","1","sí"
"A4A","47","Crustle","♦♦","1","sí"
"A4A","48","Seviper","♦","5","sí"
"A4A","49","Zorua","♦","1","sí"
"A4A","51","Inkay","♦","1","sí"
"A4A","52","Malamar","♦♦","2","sí"
"A4A","53","Skrelp","♦","1","sí"
"A4A","54","Dragalge","♦","1","sí"
"A4A","57","Lickitung","♦","1","sí"
"A4A","58","Lickilicky","♦♦","1","sí"
"A4A","60","Teddiursa","♦","4","sí"
"A4A","61","Ursaring","♦♦","1","sí"
"A4A","62","Miltank","♦♦","2","sí"
"A4A","64","Swablu","♦","2","sí"
"A4A","65","Zangoose","♦♦","3","sí"
"A4A","67","Inflatable Boat","♦♦","2","sí"
"A4A","68","Memory Light","♦♦","1","sí"
"A4A","70","Traveling Merchant","♦♦","1","sí"
"A4A","71","Morty","♦♦","3","sí"
"A4A","72","Milotic","★","1","sí"
"A4A","75","Latios","★","1","sí"
"A4A","76","Phanpy","★","2","sí"
"A4A","77","Azurill","★","1","sí"
"A4A","103","Garchomp ex","✷✷","1","sí"
"A4B","1","Bulbasaur","♦","1","sí"
"A4B","6","Weedle","♦","1","sí"
"A4B","8","Kakuna","♦♦","2","sí"
"A4B","13","Exeggutor ex","♦♦♦♦","1","sí"
"A4B","14","Hoppip","♦","4","sí"
"A4B","16","Skiploom","♦♦","3","sí"
"A4B","20","Yanma","♦","2","sí"
"A4B","23","Shuckle ex","♦♦♦♦","1","sí"
"A4B","25","Cherubi","♦","2","sí"
"A4B","27","Cherrim","♦♦","4","sí"
"A4B","34","Servine","♦♦","1","sí"
"A4B","38","Rowlet","♦","3","sí"
"A4B","40","Dartrix","♦♦","1","sí"
"A4B","45","Pheromosa","♦♦","1","sí"
"A4B","47","Kartana","♦","1","sí"
"A4B","49","Sprigatito","♦","2","sí"
"A4B","51","Floragato","♦♦","2","sí"
"A4B","55","Charmander","♦","1","sí"
"A4B","64","Flareon","♦♦♦","2","sí"
"A4B","66","Flareon ex","♦♦♦♦","2","sí"
"A4B","68","Ho-Oh ex","♦♦♦♦","1","sí"
"A4B","69","Torkoal","♦","3","sí"
"A4B","78","Litten","♦","1","sí"
"A4B","85","Wartortle","♦♦","1","sí"
"A4B","88","Horsea","♦","3","sí"
"A4B","90","Seadra","♦♦","4","sí"
"A4B","92","Kingdra ex","♦♦♦♦","1","sí"
"A4B","93","Staryu","♦","1","sí"
"A4B","95","Starmie ex","♦♦♦♦","1","sí"
"A4B","102","Corphish","♦","1","sí"
"A4B","106","Glaceon ex","♦♦♦♦","1","sí"
"A4B","108","Manaphy","♦♦","1","sí"
"A4B","116","Popplio","♦","3","sí"
"A4B","118","Brionne","♦","3","sí"
"A4B","120","Primarina ex","♦♦♦♦","1","sí"
"A4B","121","Crabominable ex","♦♦♦♦","1","sí"
"A4B","122","Wishiwashi","♦","2","sí"
"A4B","125","Wiglett","♦","1","sí"
"A4B","130","Alolan Raichu ex","♦♦♦♦","1","sí"
"A4B","140","Chinchou","♦","4","sí"
"A4B","143","Pachirisu","♦♦","1","sí"
"A4B","149","Zeraora","♦♦♦","1","sí"
"A4B","153","Haunter","♦♦","1","sí"
"A4B","160","Espeon ex","♦♦♦♦","4","sí"
"A4B","161","Misdreavus","♦","1","sí"
"A4B","164","Ralts","♦","1","sí"
"A4B","173","Swirlix","♦","1","sí"
"A4B","175","Slurpuff","♦♦","2","sí"
"A4B","177","Sylveon ex","♦♦♦♦","1","sí"
"A4B","178","Oricorio","♦♦","3","sí"
"A4B","182","Cosmoem","♦♦","1","sí"
"A4B","185","Milcery","♦","4","sí"
"A4B","187","Alcremie","♦♦","3","sí"
"A4B","191","Machoke","♦♦","1","sí"
"A4B","194","Cubone","♦","2","sí"
"A4B","196","Marowak ex","♦♦♦♦","1","sí"
"A4B","198","Sudowoodo","♦♦","2","sí"
"A4B","200","Phanpy","♦","3","sí"
"A4B","203","Nosepass","♦","2","sí"
"A4B","205","Gible","♦","2","sí"
"A4B","207","Gabite","♦","1","sí"
"A4B","216","Drilbur","♦","4","sí"
"A4B","218","Crabrawler","♦","1","sí"
"A4B","228","Golbat","♦","1","sí"
"A4B","233","Alolan Grimer","♦","2","sí"
"A4B","235","Alolan Muk ex","♦♦♦♦","1","sí"
"A4B","236","Paldean Wooper","♦","1","sí"
"A4B","239","Umbreon","♦♦♦","3","sí"
"A4B","241","Umbreon ex","♦♦♦♦","1","sí"
"A4B","242","Sneasel","♦","1","sí"
"A4B","245","Darkrai ex","♦♦♦♦","1","sí"
"A4B","249","Alolan Diglett","♦","1","sí"
"A4B","252","Skarmory ex","♦♦♦♦","2","sí"
"A4B","253","Probopass ex","♦♦♦♦","1","sí"
"A4B","255","Excadrill","♦♦","2","sí"
"A4B","257","Klefki","♦♦♦","1","sí"
"A4B","260","Magearna","♦♦♦","1","sí"
"A4B","267","Dratini","♦","3","sí"
"A4B","269","Dragonair","♦","4","sí"
"A4B","271","Dragonite ex","♦♦♦♦","1","sí"
"A4B","272","Pidgey","♦","1","sí"
"A4B","277","Jigglypuff","♦","2","sí"
"A4B","280","Farfetch’d","♦","1","sí"
"A4B","285","Eevee","♦","4","sí"
"A4B","287","Eevee ex","♦♦♦♦","1","sí"
"A4B","288","Snorlax ex","♦♦♦♦","1","sí"
"A4B","289","Lugia ex","♦♦♦♦","1","sí"
"A4B","290","Skitty","♦","3","sí"
"A4B","292","Delcatty","♦♦","4","sí"
"A4B","294","Bidoof","♦","1","sí"
"A4B","302","Silvally","♦♦♦","2","sí"
"A4B","308","Eevee Bag","♦♦","2","sí"
"A4B","310","Elemental Switch","♦♦","1","sí"
"A4B","314","Rare Candy","♦♦","3","sí"
"A4B","318","Electrical Cord","♦♦","3","sí"
"A4B","320","Giant Cape","♦♦","1","sí"
"A4B","322","Rocky Helmet","♦♦","1","sí"
"A4B","324","Leaf Cape","♦♦","1","sí"
"A4B","326","Cyrus","♦♦","1","sí"
"A4B","332","Lyra","♦♦","1","sí"
"A4B","336","Silver","♦♦","2","sí"
"A4B","338","Sabrina","♦♦","2","sí"
"A4B","340","Iono","♦♦","1","sí"
"A4B","346","Leaf","♦♦","1","sí"
"A4B","348","Lillie","♦♦","1","sí"
"A4B","350","Lusamine","♦♦","2","sí"
"A4B","352","Red","♦♦","1","sí"
"PROMO-A","1","Potion","♦","2","sí"
"PROMO-A","2","X Speed","♦","4","sí"
"PROMO-A","3","Hand Scope","♦","2","sí"
"PROMO-A","4","Pokédex","♦","2","sí"
"PROMO-A","5","Poké Ball","♦","4","sí"
"PROMO-A","6","Red Card","♦","2","sí"
"PROMO-A","7","Professor’s Research","♦","5","sí"
"PROMO-A","9","Pikachu","★","1","sí"
"PROMO-A","84","Tapu Koko ex","♦♦♦♦","1","sí"
"PROMO-A","85","Vanillite","♦","1","sí"
"PROMO-A","86","Jolteon","♦♦♦","1","sí"
"PROMO-A","89","Audino","♦","1","sí"
"PROMO-A","90","Togedemaru","♦♦♦","4","sí"
"PROMO-A","91","Greedent","♦♦♦","3","sí"
"PROMO-A","92","Eevee","♦♦♦","1","sí"
"PROMO-A","93","Cleffa","★","1","sí"
"PROMO-A","95","Chinchou","♦","3","sí"
"PROMO-A","96","Houndoom","♦","3","sí"
"PROMO-A","97","Kangaskhan","♦♦♦","1","sí"
"PROMO-A","98","Blissey ex","♦♦♦♦","1","sí"
"PROMO-A","99","Marill","♦♦♦","2","sí"
"PROMO-A","100","Weavile","♦♦♦","3","sí"
"PROMO-A","101","Latias","★","1","sí"
"PROMO-A","103","Poliwag","♦","1","sí"
"PROMO-A","106","Zoroark","★","1","sí"
"B1","19","Maractus","♦","1","sí"
"B1","23","Phantump","♦","1","sí"
"B1","44","Heatmor","♦","1","sí"
"B1","58","Corphish","♦","1","sí"
"B1","68","Frillish","♦","1","sí"
"B1","77","Drednaw","♦♦","1","sí"
"B1","89","Pachirisu","♦","1","sí"
"B1","91","Zebstrika","♦♦","1","sí"
"B1","97","Natu","♦","1","sí"
"B1","123","Sandslash","♦♦","1","sí"
"B1","124","Hitmonchan ex","♦♦♦♦","1","sí"
"B1","141","Stufful","♦","1","sí"
"B1","143","Sandygast","♦","1","sí"
"B1","153","Drapion","♦♦","1","sí"
"B1","184","Eevee","♦","1","sí"
"B1","222","Hala","♦♦","1","sí"
"B1","225","Copycat","♦♦","2","sí"
"B1A","15","Houndour","♦","1","sí"
"B1A","31","Mismagius","♦♦","1","sí"
"B1A","33","Duosion","♦","1","sí"
"B1A","56","Porygon","♦","1","sí"
"B1A","63","Lopunny","♦♦","1","sí"
"B2","1","Ledyba","♦","1","sí"
"B2","4","Roselia","♦","1","sí"
"B2","6","Cacnea","♦","2","sí"
"B2","11","Scatterbug","♦","1","sí"
"B2","16","Eldegoss","♦♦","1","sí"
"B2","30","Galarian Mr. Mime","♦","1","sí"
"B2","33","Mudkip","♦","1","sí"
"B2","40","Cryogonal","♦","1","sí"
"B2","52","Plusle","♦","1","sí"
"B2","69","Chandelure","♦♦♦","1","sí"
"B2","72","Gourgeist","♦♦♦","1","sí"
"B2","77","Sandshrew","♦","1","sí"
"B2","92","Falinks","♦♦","2","sí"
"B2","104","Purrloin","♦","1","sí"
"B2","129","Furret","♦","1","sí"
"B2","130","Smeargle","♦♦","1","sí"
"B2","139","Bunnelby","♦","1","sí"
"B2","143","Maushold","♦♦","1","sí"
"B2","155","Peculiar Plaza","♦♦","1","sí"
"B2","156","Cacnea","★","2","sí"
"B2B","1","Scyther","♦","1","sí"
"B2B","2","Pineco","♦","2","sí"
"B2B","5","Phantump","♦","1","sí"
"B2B","6","Trevenant","♦♦","1","sí"
"B2B","7","Charmander","♦","2","sí"
"B2B","8","Charmeleon","♦♦","2","sí"
"B2B","9","Mega Charizard X ex","♦♦♦♦","1","sí"
"B2B","10","Ponyta","♦","1","sí"
"B2B","11","Rapidash","♦","2","sí"
"B2B","12","Magmar","♦","1","sí"
"B2B","15","Slowpoke","♦","3","sí"
"B2B","17","Lapras","♦♦","1","sí"
"B2B","21","Phione","♦♦","3","sí"
"B2B","24","Electabuzz","♦","1","sí"
"B2B","26","Electrike","♦","1","sí"
"B2B","28","Drowzee","♦","3","sí"
"B2B","29","Hypno","♦♦","1","sí"
"B2B","31","Spoink","♦","1","sí"
"B2B","32","Grumpig","♦♦","1","sí"
"B2B","33","Diglett","♦","2","sí"
"B2B","41","Trubbish","♦","1","sí"
"B2B","42","Garbodor","♦","1","sí"
"B2B","43","Zorua","♦","1","sí"
"B2B","46","Forretress","♦♦","1","sí"
"B2B","47","Mega Scizor ex","♦♦♦♦","1","sí"
"B2B","49","Varoom","♦","2","sí"
"B2B","50","Revavroom","♦♦♦","2","sí"
"B2B","51","Dratini","♦","1","sí"
"B2B","52","Dragonair","♦♦","1","sí"
"B2B","55","Fraxure","♦♦","2","sí"
"B2B","61","Chatot","♦","3","sí"
"B2B","63","Cinccino","♦","1","sí"
"B2B","68","Calem","♦♦","1","sí"
"B2B","69","Hiking Trail","♦♦","1","sí"
"B2B","73","Morpeko","★","1","sí"
"B2B","94","Rapidash","✷","1","sí"
"B3","79","Riolu","♦","2","sí"
"B3","81","Mega Lucario ex","♦♦♦♦","2","sí"
"B3","149","Korrina","♦♦","1","sí"
"B3","154","Arena of Antiquity","♦♦","2","sí"
"B3A","1","Surskit","♦","2","sí"
"B3A","8","Vaporeon","♦♦","1","sí"
"B3A","11","Snom","♦","1","sí"
"B3A","14","Pawmi","♦","1","sí"
"B3A","34","Great Tusk","♦♦","2","sí"
"B3A","38","Sneasel","♦","1","sí"
"B3A","42","Bisharp","♦","1","sí"
"B3A","72","Professor Sada","♦♦","1","sí"
"B3B","44","Scraggy","♦","1","sí"
"B4","1","Wurmple","♦","1","sí"
"B4","3","Beautifly","♦♦","2","sí"
"B4","4","Cascoon","♦","1","sí"
"B4","9","Kricketune","♦","2","sí"
"B4","10","Combee","♦","2","sí"
"B4","12","Karrablast","♦","2","sí"
"B4","13","Shelmet","♦","1","sí"
"B4","16","Pheromosa","♦♦","1","sí"
"B4","25","Quilava","♦♦","1","sí"
"B4","26","Typhlosion ex","♦♦♦♦","1","sí"
"B4","27","Houndour","♦","1","sí"
"B4","28","Houndoom","♦♦","2","sí"
"B4","29","Heatmor","♦","2","sí"
"B4","32","Staryu","♦","1","sí"
"B4","33","Starmie","♦♦","2","sí"
"B4","36","Wailmer","♦","4","sí"
"B4","38","Spheal","♦","1","sí"
"B4","41","Kyogre","♦♦♦","1","sí"
"B4","46","Dewpider","♦","2","sí"
"B4","47","Araquanid","♦♦","2","sí"
"B4","48","Bruxish","♦","1","sí"
"B4","51","Shinx","♦","1","sí"
"B4","52","Luxio","♦♦","1","sí"
"B4","54","Pachirisu","♦","1","sí"
"B4","56","Tynamo","♦","1","sí"
"B4","58","Eelektross","♦♦","1","sí"
"B4","60","Helioptile","♦","1","sí"
"B4","62","Wattrel","♦","3","sí"
"B4","64","Clefairy","♦","1","sí"
"B4","67","Hypno","♦♦","1","sí"
"B4","69","Mr. Mime","♦","2","sí"
"B4","73","Chimecho","♦","2","sí"
"B4","78","Oricorio","♦♦","2","sí"
"B4","79","Makuhita","♦","1","sí"
"B4","80","Hariyama","♦♦","1","sí"
"B4","81","Anorith","♦♦","1","sí"
"B4","83","Groudon","♦♦♦","1","sí"
"B4","85","Drilbur","♦","1","sí"
"B4","89","Conkeldurr","♦♦♦","1","sí"
"B4","91","Grimer","♦","2","sí"
"B4","92","Muk","♦♦","1","sí"
"B4","93","Poochyena","♦","1","sí"
"B4","94","Mightyena","♦","1","sí"
"B4","98","Gulpin","♦","3","sí"
"B4","101","Vullaby","♦","3","sí"
"B4","102","Mandibuzz","♦♦","3","sí"
"B4","104","Skarmory","♦","3","sí"
"B4","105","Mawile","♦","2","sí"
"B4","110","Escavalier","♦♦","2","sí"
"B4","114","Varoom","♦","1","sí"
"B4","121","Noibat","♦","4","sí"
"B4","123","Turtonator","♦♦","2","sí"
"B4","125","Applin","♦","1","sí"
"B4","126","Dipplin","♦♦","1","sí"
"B4","129","Rattata","♦","2","sí"
"B4","133","Ambipom","♦","1","sí"
"B4","135","Delcatty","♦♦","3","sí"
"B4","136","Kecleon","♦","2","sí"
"B4","137","Pidove","♦","3","sí"
"B4","138","Tranquill","♦","1","sí"
"B4","139","Unfezant","♦♦","1","sí"
"B4","140","Ducklett","♦","3","sí"
"B4","145","Order Pad","♦♦","1","sí"
"B4","148","Deceptive Needle","♦♦","2","sí"
"B4","149","Clear Veil","♦♦","1","sí"
"B4","151","Drayden","♦♦","1","sí"
"B4","154","Soothing Shore","♦♦","1","sí"
"B4","158","Kricketune","★","1","sí"
"B4","162","Kyogre","★","1","sí"
"B4","169","Oricorio","★","1","sí"
"B4","175","Dragonair","★","1","sí"
"B4","176","Noivern","★","1","sí"
"B4","177","Cyclizar","★","1","sí"
"B4","204","Alolan Vulpix","✷","1","sí"
"B4A","1","Volbeat","♦","7","sí"
"B4A","2","Illumise","♦","5","sí"
"B4A","3","Snivy","♦","6","sí"
"B4A","4","Servine","♦♦","2","sí"
"B4A","5","Serperior","♦♦♦","3","sí"
"B4A","6","Team Rocket’s Magmar","♦","3","sí"
"B4A","8","Team Rocket’s Houndour","♦","7","sí"
"B4A","9","Team Rocket’s Houndoom","♦","5","sí"
"B4A","10","Fennekin","♦","9","sí"
"B4A","11","Braixen","♦♦","1","sí"
"B4A","12","Delphox","♦♦♦","2","sí"
"B4A","13","Team Rocket’s Lapras","♦♦","1","sí"
"B4A","14","Team Rocket’s Articuno ex","♦♦♦♦","2","sí"
"B4A","15","Wingull","♦","7","sí"
"B4A","16","Pelipper","♦♦","3","sí"
"B4A","17","Hisuian Basculin","♦","2","sí"
"B4A","18","Hisuian Basculegion","♦♦","5","sí"
"B4A","19","Team Rocket’s Voltorb","♦","2","sí"
"B4A","20","Team Rocket’s Electrode","♦♦","4","sí"
"B4A","21","Team Rocket’s Zapdos ex","♦♦♦♦","2","sí"
"B4A","22","Blitzle","♦","3","sí"
"B4A","23","Zebstrika","♦♦","3","sí"
"B4A","24","Team Rocket’s Pincurchin","♦","3","sí"
"B4A","25","Team Rocket’s Slowpoke","♦","5","sí"
"B4A","26","Team Rocket’s Slowking ex","♦♦♦♦","1","sí"
"B4A","27","Team Rocket’s Drowzee","♦","6","sí"
"B4A","28","Team Rocket’s Hypno","♦♦","2","sí"
"B4A","29","Team Rocket’s Mr. Mime","♦","5","sí"
"B4A","30","Team Rocket’s Mewtwo","♦♦♦","5","sí"
"B4A","31","Espurr","♦","4","sí"
"B4A","32","Meowstic","♦♦","1","sí"
"B4A","33","Oranguru","♦♦","1","sí"
"B4A","34","Gimmighoul","♦","4","sí"
"B4A","35","Cubone","♦","4","sí"
"B4A","36","Marowak","♦♦","2","sí"
"B4A","37","Landorus","♦♦♦","3","sí"
"B4A","38","Team Rocket’s Ekans","♦","3","sí"
"B4A","39","Team Rocket’s Arbok","♦♦","3","sí"
"B4A","40","Team Rocket’s Grimer","♦","6","sí"
"B4A","41","Team Rocket’s Muk","♦♦","4","sí"
"B4A","42","Team Rocket’s Koffing","♦","3","sí"
"B4A","43","Team Rocket’s Weezing ex","♦♦♦♦","1","sí"
"B4A","44","Team Rocket’s Sneasel","♦","3","sí"
"B4A","45","Togedemaru","♦","4","sí"
"B4A","46","Cufant","♦","5","sí"
"B4A","47","Copperajah","♦♦","3","sí"
"B4A","48","Team Rocket’s Tinkatink","♦","8","sí"
"B4A","49","Team Rocket’s Tinkatuff","♦♦","7","sí"
"B4A","50","Team Rocket’s Tinkaton","♦♦♦","3","sí"
"B4A","51","Gholdengo","♦♦","5","sí"
"B4A","52","Gible","♦","13","sí"
"B4A","53","Gabite","♦♦","1","sí"
"B4A","54","Garchomp","♦♦♦","1","sí"
"B4A","55","Duraludon","♦♦","2","sí"
"B4A","56","Archaludon","♦♦♦","1","sí"
"B4A","57","Regidrago","♦♦","4","sí"
"B4A","58","Team Rocket’s Rattata","♦","6","sí"
"B4A","60","Team Rocket’s Meowth","♦","8","sí"
"B4A","61","Team Rocket’s Persian","♦♦","4","sí"
"B4A","62","Team Rocket’s Kecleon","♦","4","sí"
"B4A","63","Happiny","♦♦♦","1","sí"
"B4A","64","Furfrou","♦","3","sí"
"B4A","65","Lechonk","♦","5","sí"
"B4A","66","Oinkologne","♦","6","sí"
"B4A","67","Team Rocket’s Thieving Machine","♦♦","3","sí"
"B4A","68","Team Rocket’s Goo-zooka","♦♦","5","sí"
"B4A","69","Team Rocket’s Researcher","♦♦","3","sí"
"B4A","70","Team Rocket’s Master Plan","♦♦","2","sí"
"B4A","71","Team Rocket’s Boss","♦♦","2","sí"
"B4A","72","Arcade","♦♦","2","sí"
"B4A","73","Delphox","★","1","sí"
"B4A","74","Team Rocket’s Hypno","★","1","sí"
"B4A","76","Team Rocket’s Kecleon","★","2","sí"
"B4A","77","Happiny","★","1","sí"
"B4A","78","Lechonk","★","2","sí"
"B4A","84","Team Rocket’s Raticate ex","★★","1","sí"
"B4A","90","Team Rocket’s Zapdos ex","★★","1","sí"
"B4A","104","Swellow","✷","1","sí"
"B4A","110","Team Rocket’s Goo-zooka","♛","1","sí"
"PROMO-B","93","Fennekin","♦♦♦","3","sí"
"PROMO-B","94","Meowstic","♦♦♦","4","sí"
